se,labels
FDADF,2
GGDSTHPFN,2
FHGSGGEDPESFYR,2
FFPGPSRQPEEGGR,2
LAGNPDDEFRPQG,2
TEDELQDKIHP,2
VDLVAEVPRGL,2
LDRLE,2
SDDVL,2
ASH,2
RPKHPLSHDL,2
RPKHPLK,2
WLTPTYPE,2
SCSP,2
GFLGSP,2
NCS,2
HLRQEEKEEVTVGSLK,2
GPAGPHGPPG,2
HNAPNPGLPYAA,2
HKERVQLHIIPTAVGK,2
KYKRQRW,2
LPLLR,2
GAVEDLERVK,2
EVPPEEH,2
FDEE,2
EHAPNHDNPGDL,2
REGDLIAVPT,2
GCHHY,2
EPNGLLLPQY,2
EAGAE,2
YEESQAELEGSLK,2
AEREIVR,2
AEREIVRDIK,2
ELEDALDGERDTRLR,2
ERQYKEIV,2
FPGIADRM,2
FYDDTYVPR,2
GAVEDLERVKR,2
IIAPPERK,2
KITDEAFDVL,2
KSYELPDGQ,2
LFDFWDGR,2
MFPGIADRM,2
RVAPEEHPV,2
IIAPPERKY,2
VVGDDIAWLR,2
VRLLLPGEL,2
TEAPLNPK,2
SGDLWEVR,2
VIAPPERKY,2
KIGDVIR,2
KELLDPVIM,2
GGAPVLE,2
DHTKE,2
LAN,2
NSM,2
GKR,2
NAPLPPPLKH,2
SSEDQPFNLR,2
IVQQPDGEKSERKIENENGEGEDGEQDLTVYDFE,2
KNGYNIKGFAPSAEAAK,2
SGIPTLFAGDFSRFSASPKEGHFQETFHK,2
ITVFACDCSK,2
DVLVSIK,2
DFLEDALNVNRR,2
MLEIDEEGLVHVIGK,2
ATVILVVNEGK,2
IFLPNERAIEPQIMAIYR,2
IEYIGQLI,2
ELGLEPYGVSFHVGSQQR,2
LRELGIDPDATPNSAL,2
ITDTVEAR,2
ELLQRSIEQRLAFLK,2
KPGQAFLKPAVVLSSDLVA,2
KVPQVSTPTLVEVSR,2
LVNELTEFAK,2
ASC,2
ASV,2
ASM,2
ASK,2
ASD,2
ASN,2
ASQ,2
QSH,2
YSH,2
QSQ,2
WSH,2
AMH,2
VSH,2
NSH,2
DSH,2
MSM,2
YSY,2
AFH,2
KSK,2
WSW,2
RSH,2
KSH,2
RSR,2
HCS,2
FSH,2
AAH,2
HASH,2
CASH,2
ASE,2
CSC,2
ASW,2
ALH,2
AWH,2
MSH,2
ESE,2
ASI,2
LSH,2
ISH,2
AVH,2
CSA,2
ASF,2
ATH,2
AGH,2
AYH,2
CHS,2
SHC,2
HSC,2
ASR,2
ESH,2
ACH,2
VSV,2
SAC,2
EASH,2
DASH,2
ASHC,2
EVEF,2
TKIWDL,2
TVDLKKKM,2
SSALKAV,2
SESRPFK,2
RIKEVVKKH,2
TSERPLS,2
LEE,2
ALE,2
ARE,2
AATGVMPLDM,2
AAYATKFA,2
NAPLPPPPLKH,2
SCGT,2
CGV,2
GCCT,2
PGCA,2
GDT,2
DGQV,2
EPSH,2
AFNRAKSKALEN,1
YDSSGGPTPWLSPY,1
SSV,1
FVTPEEEQQQMHQR,1
LAGGISSEHIQGQQQFQQQQGR,1
FLAGNPQAQAQSQQQQQR,1
GGIGIGGYGTTGHHGL,1
NDRNQEVVAIIVDDVNNPANQLDFQAK,1
QYGGQQTQTVER,1
LLGFGINAENNHR,1
VIQQGQATVTVANGNNR,1
NESEEEGAIVTVRGGLR,1
IVQNLRGENESEEQGAIVTVK,1
TNNNDNQLDQFPRR,1
LEENAGGEQEERGQRRR,1
FQGQDQSQQQQDSHQKVHR,1
FEGEDQSQQQQQDSHQKVR,1
SPSPSPEE ,1
VLPVPQK,1
DEEENDQVK,1
DNLPNPEDRKNYE,1
VSGVEDVN,1
WEWLHYW,1
DGDDGEAGKIG,1
VLSGGGTTMAMYTLV,1
SCH,1
SGSTGH,1
GPAGPR,1
VLSGGTTMAMYTLV,1
GDKGESGEAGER,1
GEKGEGGHR,1
GDKGESGEAGE,1
GEAGER,1
GEK,1
EKG,1
KGE,1
KGDPGLSPGK,1
GPLGAHGK,1
TCH,1
YEIPAEDL,1
NSGC,1
DEGEGLNPPHEPPHEPHEP,1
FVDVT,1
SPFVLK,1
GPAGPHGPVG,1
FDHIVY,1
YQEPVIAPKL,1
YGTGL,1
LVFL,1
EPAH,1
VLGYIQIR,1
NDEELNK,1
VLSGGTTMYASLYAE,1
DEGEQPRPFPFP,1
LLLG,1
AIVIL,1
HADAD,1
TKLGTQLQL,1
LETVILGLLKT,1
KMVFLMDLLK,1
FAGDD,1
NFGPKG,1
GFGFVTF,1
FAGDDAPR,1
SYELPDGQV,1
ADLIAYLKK,1
ALESPERPF,1
FLFDKPVSPL,1
KLDKENAIDRA,1
SLGTADVHFERK,1
RGDLGIEIPAEKV,1
GDLGIEIPAEKV,1
KLEEAEKAADESE,1
VEPEILPDGDHDL,1
ARFEELNADLFR,1
FVGGIKEDTEEHH,1
HLEINPDHPIVET,1
NDLFENTNHTQVQ,1
DGFIDKEDLHDML,1
HQGVMVGMGQKDSY,1
VEPEILPDGDHDLK,1
VGGIKEDTEEHHLR,1
VVSSIEQKTEGAEKK,1
KLEEAEKAADESERG,1
QKLEEAEKAADESE,1
DVSNADRLGFSEVELV,1
EKNPLPSKETIEQEK,1
GIITNWDDMEKIWH,1
DIFEANDLFENTNHT,1
IQLVEEELDRAQERL,1
KLEEAEKAADESER,1
QLIDDHFLFDKPVSPL,1
RIQLVEEELDRAQER,1
WIDNPTVDDRGVGQAAIR,1
DIFEANDLFENTNHTQV,1
DIFEANDLFENTNHTQVQ,1
AVAGNISDPGLQKSFLDSGYR,1
DDHDPVDKIVLQKYHTINGH,1
GFGFVTFDDHDPVDKIVLQKY,1
